Код в 1С, ,Толщина,Наименование,Размер листа,Упаковка,,,Цена,,,,Просчет,,,,Объем,,,,
,кг/м³,мм,-,мм,плит,м² ,м³,руб/упак,руб/лист,руб/м²,,Кв.м.,Кол-во уп,Сумма,,Листов,Итого м³,,,
,ЭППС,,,,,,,,,,,,,,,,,,,
НФ-00000383,21 кг/м3 ,20,"Пеноплекс Комфорт 20 мм/ 585 х 1185 / 0,69м2 (20 ПЛИТ / 13,86 м2 / 0,27 м3)",585х1185,20,"13,86","0,27",2 500 ₽,125 ₽,180 ₽,,0,"0,00",0 ₽,,0,0,,,0
НФ-00000410,21 кг/м3 ,30,"Пеноплекс Комфорт 30 мм/ 585 х 1185 / 0,69 м2 (13 ПЛИТ / 9.01 м2 / 0,27 м3)",585х1185,13,"9,01","0,27",2 195 ₽,169 ₽,244 ₽,,0,"0,00",0 ₽,,0,0,,,0
НФ-00000411,21 кг/м3 ,40,"Пеноплекс Комфорт 40 мм/ 585 х 1185 / 0,69 м2 (10 ПЛИТ / 6,9 м2 / 0,25 м3)",585х1185,10,"6,9","0,25",2 300 ₽,230 ₽,333 ₽,,0,"0,00",0 ₽,,0,0,,,0
НФ-00000412,21 кг/м3 ,50,"Пеноплекс Комфорт 50 мм/ 585 х 1185 / 0,69м2 ( 7 ПЛИТ / 4,85 м2 / 0,24 м3)",585х1185,7,"4,85","0,24",2 156 ₽,308 ₽,445 ₽,,0,"0,00",0 ₽,,0,0,,,0
НФ-00000413,21 кг/м3 ,100,"Пеноплекс Комфорт 100 мм/ 585 х 1185 / 0,69м2 ( 4 ПЛИТЫ / 2,77 м2 / 0,27 м3)",585х1185,4,"2,77","0,27",2 240 ₽,560 ₽,809 ₽,,0,"0,00",0 ₽,,0,0,,,0
,,,,,,,,,#DIV/0!,#DIV/0!,,0,#DIV/0!,#DIV/0!,,#DIV/0!,#DIV/0!,,,#DIV/0!
,,,,,,,,,,,,,,,,,,,,
НФ-00000414,21 кг/м3 ,50,"Пеноплекс Стена 50 мм/ 585 х 1185 / 0,69м2 (7 ПЛИТ / 4,85 м2 / 0,24 м3)",585х1185,7,"4,85","0,24",2 240 ₽,320 ₽,462 ₽,,0,"0,00",0 ₽,,0,0,,,0
НФ-00000415,32 кг/м3 ,50,"Пеноплекс Фундамент 50 мм/ 585 х 1185 / 0,69м2 (7 ПЛИТ / 4,85 м2 / 0,24 м3)",585х1185,7,"4,85","0,24",2 492 ₽,356 ₽,514 ₽,,0,"0,00",0 ₽,,0,0,,,0
,,,,,,,,,#DIV/0!,#DIV/0!,,0,#DIV/0!,#DIV/0!,,#DIV/0!,#DIV/0!,,,#DIV/0!
,,,,,,,,,,,,,,,,,,,,
00-00001024,21 кг/м3 ,20,"Пеноплекс Основа 20 мм/ 585 х 1185 / 0,69 м2 (20 ПЛИТ / 13,86 м2 / 0,27 м3)",585х1185,20,"13,86","0,27",2 400 ₽,120 ₽,173 ₽,,0,"0,00",0 ₽,,0,0,,,0
00-00001083,21 кг/м3 ,30,"Пеноплекс Основа 30 мм/ 585 х 1185 / 0,69 м2 (13 ПЛИТ / 9.01 м2 / 0,27 м3)",585х1185,13,"9,01","0,27",2 150 ₽,165 ₽,239 ₽,,0,"0,00",0 ₽,,0,0,,,0
00-00001742,21 кг/м3 ,50,"Пеноплекс Основа 50 мм/ 585 х 1185 / 0,69 м2 ( 8 ПЛИТ / 5,52 м2 / 0,2775 м3)",585х1185,8,"5,52","0,2775",2 200 ₽,275 ₽,399 ₽,,0,"0,00",0 ₽,,0,0,,,0
,,,,,,,,,#DIV/0!,#DIV/0!,,0,#DIV/0!,#DIV/0!,,#DIV/0!,#DIV/0!,,,#DIV/0!
,,,,,,,,,,,,,,,,,,,,
,,,,,,,,,,,,,,,,,,,,
НФ-00000417,21 кг/м3 ,20,"Технониколь Техноплекс 20мм / 580 х 1180 / 0,68 м2 ( 20 ПЛИТ / 13,6 м2 / 0,29 м3)",580х1180,20,"13,6","0,29",2 400 ₽,120 ₽,176 ₽,,0,"0,00",0 ₽,,0,0,,,0
НФ-00000418,21 кг/м3 ,30,"Технониколь Техноплекс 30мм / 580 х 1180 / 0,68 м2 ( 13 ПЛИТ / 8,84 м2 / 0,27 м3)",580х1180,13,"8,84","0,27",2 340 ₽,180 ₽,265 ₽,,0,"0,00",0 ₽,,0,0,,,0
НФ-00000419,21 кг/м3 ,40,"Технониколь Техноплекс 40мм / 580 х 1180 / 0,68 м2 ( 10 ПЛИТ / 6,8 м2 / 0,27 м3)",580х1180,10,"6,8","0,27",2 280 ₽,228 ₽,335 ₽,,0,"0,00",0 ₽,,0,0,,,0
НФ-00000416,21 кг/м3 ,50,"Технониколь Техноплекс 50мм / 580 х 1180 / 0,68 м2 ( 8 ПЛИТ / 5,44 м2 / 0,27 м3)",580х1180,8,"5,44","0,27",2 320 ₽,290 ₽,426 ₽,,0,"0,00",0 ₽,,0,0,,,0
НФ-00000420,21 кг/м3 ,100,"Технониколь Техноплекс 100мм / 580 х 1180 / 0,68 м2 ( 4 ПЛИТЫ / 2.72 м2 / 0,27 м3)",580х1180,4,"2,72","0,27",2 340 ₽,585 ₽,860 ₽,,0,"0,00",0 ₽,,0,0,,,0
НФ-00000421,29-33 кг/м3 ,50,"Технониколь Техноплекс Фундамент 50мм 1180 х 580 / 0,68 м2 (8 ПЛИТ / 5,4752 м2 / 0.27376 м3)",580х1180,8,"5,4752","0,27",2 450 ₽,306 ₽,447 ₽,,0,"0,00",0 ₽,,0,0,,,0
НФ-00000422,21 кг/м3 ,50,"Технониколь Техноплекс FAS/2 (фрезер.) 50мм 1180 х 580 / 0,68м2 (8 ПЛИТ / 5,4752 м2 / 0.27376 м3)",580х1180,8,"5,4752","0,27",2 330 ₽,291 ₽,426 ₽,,0,"0,00",0 ₽,,0,0,,,0
НФ-00000423,21 кг/м3 ,100,"Технониколь ТЕХНОПЛЕКС FAS 100 мм (4 плит / 0,27 м3 / 2,74 м2) 1180х580х100 мм",,,,,,,,,,,,,,,,,
,,,,,,,,,#DIV/0!,#DIV/0!,,0,#DIV/0!,#DIV/0!,,#DIV/0!,#DIV/0!,,,#DIV/0!
НФ-00000424,21 кг/м3,20,"Технониколь XPS Carbon ECO 20мм / 580 х 1180 / 0,68 м2 ( 20 ПЛИТ / 13,6 м2 / 0,29 м3)",580х1180,20,"13,6","0,29",2 500 ₽,125 ₽,184 ₽,,0,"0,00",0 ₽,,0,0,,,0
НФ-00000425,21 кг/м3,30,"Технониколь XPS Carbon ECO 30мм / 580 х 1180 / 0,68 м2 ( 13 ПЛИТ / 8,84 м2 / 0,27 м3)",580х1180,13,"8,84","0,27",2 275 ₽,175 ₽,257 ₽,,0,"0,00",0 ₽,,0,0,,,0
НФ-00000426,21 кг/м3,40,"Технониколь XPS Carbon ECO 40мм / 580 х 1180 / 0,68 м2 ( 10 ПЛИТ / 6,8 м2 / 0,27 м3)",580х1180,10,"6,8","0,27",2 350 ₽,235 ₽,346 ₽,,0,"0,00",0 ₽,,0,0,,,0
НФ-00000427,21 кг/м3,50,"Технониколь XPS Carbon ECO 50мм / 580 х 1180 / 0,68 м2 ( 8 ПЛИТ / 5,44 м2 / 0,27 м3)",580х1180,8,"5,44","0,27",2 240 ₽,280 ₽,412 ₽,,0,"0,00",0 ₽,,0,0,,,0
НФ-00000428,21 кг/м3,100,"Технониколь XPS Carbon ECO 100мм / 580 х 1180 / 0,68 м2 ( 4 ПЛИТЫ / 2,72 м2 / 0,27 м3)",580х1180,4,"2,72","0,27",2 380 ₽,595 ₽,875 ₽,,0,"0,00",0 ₽,,0,0,,,0
,,,,,,,,,#DIV/0!,#DIV/0!,,0,#DIV/0!,#DIV/0!,,#DIV/0!,#DIV/0!,,,#DIV/0!
,LOGICPIR,,,,,,,,,,,,,,,,,,,
НФ-00000319,,30,"LOGICPIR Ф/Ф L Баня 30мм / 590х1190 / 0,7 м2 ( 8 ПЛИТ / 5,61 м2 / 0,17 м3)",590х1190,8,"5,61","0,17",4 860 ₽,608 ₽,866 ₽,,0,"0,00",0 ₽,,0,0,,,0
НФ-00000321,,50,"LOGICPIR Ф/Ф L Баня 50мм / 590х1190 / 0,7 м2 ( 5 ПЛИТ / 3,511 м2 / 0,18 м3)",590х1190,5,"3,511","0,18",4 250 ₽,850 ₽,1 210 ₽,,0,"0,00",0 ₽,,0,0,,,0
НФ-00000318,,30,"LOGICPIR Ф/Ф L Балкон 30мм / 590х1190 / 0,7 м2 ( 8 ПЛИТ / 5,61 м2 / 0,17 м3)",590х1190,8,"5,61","0,17",4 715 ₽,589 ₽,840 ₽,,0,"0,00",0 ₽,,0,0,,,0
,Минвата,,,,,,,,,,,,,,,,,,,
НФ-00000308,35,50,"Технониколь Роклайт 50мм/ 1200х600 / 0,72м2 (8 ПЛИТ / 5,76 м2 / 0,288 м3) 35 плотность",600х1200,8,"5,76","0,288",990 ₽,124 ₽,172 ₽,,0,"0,00",0 ₽,,0,0,,,0
НФ-00000310,35,100,"Технониколь Роклайт 100мм/ 1200х600 / 0,72м2 (4 ПЛИТЫ / 2,88 м2 / 0,288 м3) 35 плотность",600х1200,4,"2,88","0,288",990 ₽,248 ₽,344 ₽,,0,"0,00",0 ₽,,0,0,,,0
НФ-00000309,35,100,"Технониколь Роклайт 100мм/ 1200х600 / 0,72м2 (6 ПЛИТ / 4,32 м2 / 0,432 м3) 35 плотность",600х1200,6,"4,32","0,432",1 380 ₽,230 ₽,319 ₽,,0,"0,00",0 ₽,,0,0,,,0
НФ-00000429,35,50,"IZOVOL Л-35 50мм/ 1200х600 / 0,72м2 (8 ПЛИТ / 5,76 м2 / 0,288 м3) 35 плотность",600х1200,8,"5,76","0,288",1 100 ₽,138 ₽,191 ₽,,0,"0,00",0 ₽,,0,0,,,0
,35,50,"Роквул Лайт Баттс Скандик 50 мм, ROCKWOOL 800*600 (12 ПЛИТ/ 5,76 м2 / 0,288 м3) 35 плотность",600х800,12,"5,76","0,288",,0 ₽,0 ₽,,0,"0,00",0 ₽,,0,0,,,0
НФ-00000311,45,50,"Технониколь Техноблок Стандарт 50 мм/ 1200х600 / 0,72м2 (8 ПЛИТ / 5,76 м2 / 0,288 м3) 45 плотность",600х1200,8,"5,76","0,288",1 450 ₽,181 ₽,252 ₽,,0,"0,00",0 ₽,,0,0,,,0
НФ-00000312,45,100,"Технониколь Техноблок Стандарт 100 мм/ 1200х600 / 0,72м2 (4 ПЛИТЫ / 2,88 м2 / 0,288 м3) 45 плотность",600х1200,4,"2,88","0,288",1 450 ₽,363 ₽,503 ₽,,0,"0,00",0 ₽,,0,0,,,0
НФ-00000307,50,50,"IZOVOL Ст-50, 50мм / 1200х600 / 0,72м2 ( 8 ПЛИТ / 5,76 м2 / 0,29 м3) 50 плотность",600х1200,8,"5,76","0,29",1 350 ₽,169 ₽,234 ₽,,0,"0,00",0 ₽,,0,0,,,0
НФ-00000305,80,50,"ISOROC пп-80, 50 мм, 1000х600 (6 ПЛИТ / 3,6 м2 / 0,18 м3) 80 плотность",600х1000,6,"3,6","0,18",1 380 ₽,230 ₽,383 ₽,,0,"0,00",0 ₽,,0,0,,,0
НФ-00000306,80,100,"ISOROC пп-80, 100 мм, 1000х600 (3 ПЛИТЫ / 1,8 м2 / 0,18 м3) 80 плотность",600х1000,3,"1,8","0,18",1 380 ₽,460 ₽,767 ₽,,0,"0,00",0 ₽,,0,0,,,0
,110,80,"IZOLIFE ФАС ПРОФ 80мм 1200х600 (3 ПЛИТЫ / 2,16 м2 / 0,18 м3) 110 плотность",600х1200,3,"2,16","0,18",,0 ₽,0 ₽,,0,"0,00",0 ₽,,0,0,,,0
НФ-00000555,110,100,"IZOLIFE ФАС ОПТИМА 100мм 1200х600 (2 ПЛИТЫ / 1,44 м2 / 0,144 м3) 110 плотность",600х1200,2,"1,44","0,144",1 500 ₽,750 ₽,1 042 ₽,,0,"0,00",0 ₽,,0,0,,,0
,120,50,"Технониколь Технофас Оптима 50 мм/ 1200х600 / 0,72м2 (6 ПЛИТ / 4,32 м2 / 0,216 м3) 120 плотность",600х1200,6,"4,32","0,216",,0 ₽,0 ₽,,0,"0,00",0 ₽,,0,0,,,0
,120,100,"Технониколь Технофас Оптима 100мм/ 1200х600 / 0,72м2 (3 ПЛИТЫ / 2,16 м2 / 0,216 м3) 120 плотность",600х1200,3,"2,16","0,216",,0 ₽,0 ₽,,0,"0,00",0 ₽,,0,0,,,0
НФ-00000193,120,50,"ISOROC Изофас-СЛ 50 мм 1000х600 (6 ПЛИТ / 3,6 м2 / 0,18 м3) 120 плотность",600х1000,6,"3,6","0,18",2 100 ₽,350 ₽,583 ₽,,0,"0,00",0 ₽,,0,0,,,0
НФ-00000195,120,100,"ISOROC Изофас-СЛ 100 мм 1000х600 (3 ПЛИТЫ / 1,8 м2 / 0,18 м3) 120 плотность",600х1000,3,"1,8","0,18",2 100 ₽,700 ₽,1 167 ₽,,0,"0,00",0 ₽,,0,0,,,0
НФ-00000314,135,50,"Технониколь Технофас Эффект 50 мм/ 1200х600 / 0,72м2 (6 ПЛИТ / 4,32 м2 / 0,216 м3) 135 плотность",600х1200,6,"4,32","0,216",,0 ₽,0 ₽,,0,"0,00",0 ₽,,0,0,,,0
НФ-00000313,135,100,"Технониколь Технофас Эффект 100 мм/ 1200х600 / 0,72м2 (3 ПЛИТЫ / 2,16 м2 / 0,216 м3) 135 плотность",600х1200,3,"2,16","0,216",3 300 ₽,1 100 ₽,1 528 ₽,,0,"0,00",0 ₽,,0,0,,,0
,140,50,"ISOROC Изофас 140 50мм / 1000х600 / 0,6м2 (4 ПЛИТЫ / 2,4 м2 / 0,12 м3) 140 плотность",600х1000,4,"2,4","0,12",,,,,,,,,,,,,
,145,80,"IZOLIFE Фас Проф 80мм/ 1200х600 / 0,72 м2 (3 ПЛИТЫ / 2,16 м2 / 0,1728 м3) 145 плотность",600х1200,3,"2,16","0,173",,0 ₽,0 ₽,,0,"0,00",0 ₽,,0,0,,,0
НФ-00000317,145,80,"Технониколь Технофас 80мм/ 1200х600 / 0,72м2 ( 3 ПЛИТЫ / 2,16 м2 / 0,1728 м3) 145 плотность",600х1200,3,"2,16","0,173",3 040 ₽,1 013 ₽,1 407 ₽,,0,"0,00",0 ₽,,0,0,,,0
,,,,,,,,,#DIV/0!,#DIV/0!,,0,#DIV/0!,#DIV/0!,,#DIV/0!,#DIV/0!,,,#DIV/0!
,Стекловата,,,,,,,,,,,,,,,,,,,
00-00002893,11,50,"НЕМАН М11 Лайт 50 мм / 1200х6250 / 7,5м2 (РУЛОН 2 СЛОЯ / 15 м2 / 0,750 м3) 11 плотность",1200х6250,2,15,"0,75",1 100 ₽,550 ₽,73 ₽,,0,"0,00",0 ₽,,0,0,,,0
НФ-00000255,"11,5",50,"Технониколь 40 RN СТАНДАРТ 50мм / 6150х1220 / 7,53м2 (РУЛОН 2 СЛОЯ / 15,06 м2 / 0,75 м3) 11,5 плотность",1220х6150,2,"15,06","0,75",1 300 ₽,650 ₽,86 ₽,,0,"0,00",0 ₽,,0,0,,,0
НФ-00000247,"15,75",50,"Технониколь 37 PN ТЕПЛЫЙ КАРКАС 50мм / 1200х610 / 0,73м2 (10 ПЛИТ / 7,32 м2 / 0,366 м3) 15,75 плотность",610х1200,10,"7,32","0,366",910 ₽,91 ₽,124 ₽,,0,"0,00",0 ₽,,0,0,,,0
НФ-00000250,"15,75",100,"Технониколь 37 PN ТЕПЛЫЙ КАРКАС 100мм / 1200х610 / 0,73м2 (5 ПЛИТ / 3,66 м2 / 0,366 м3) 15,75 плотность",610х1200,5,"3,66","0,366",910 ₽,182 ₽,249 ₽,,0,"0,00",0 ₽,,0,0,,,0
НФ-00000251,"22,25",50,"Технониколь 34 PN СТЕНЫ И КРЫШИ 50мм / 1000х610 / 0,61м2 (8 ПЛИТ / 4.88 м2 / 0.244 м3) 22,25 плотность",610х1000,8,"4,88","0,244",740 ₽,93 ₽,152 ₽,,0,"0,00",0 ₽,,0,0,,,0
НФ-00000252,"22,25",100,"Технониколь 34 PN СТЕНЫ И КРЫШИ 100мм / 1000х610 / 0,61м2 (4 ПЛИТЫ / 2,44 м2 / 0.244 м3) 22,25 плотность",610х1000,4,"2,44","0,244",740 ₽,185 ₽,303 ₽,,0,"0,00",0 ₽,,0,0,,,0
,,,,,,,,,#DIV/0!,#DIV/0!,,0,#DIV/0!,#DIV/0!,,#DIV/0!,#DIV/0!,,,#DIV/0!
,Пленка,,,,,,,,,,,,,,,,,,,
НФ-00000142,,,"Пароизоляционная пленка Isobox B 1,6х43,75 (70м2)",1600х43750,,70,,1 800 ₽,,26 ₽,,0,"0,00",0 ₽,,,,,,0
НФ-00000434,,,"Гидро- пароизоляционная пленка Isobox D 1,6х43,75 (70м2)",1600х43750,,70,,2 200 ₽,,31 ₽,,0,"0,00",0 ₽,,,,,,0
НФ-00000432,,,"Ветро-влагозащитная пленка Isobox A 1,6х43,75 (70м2)",1600х43750,,70,,2 660 ₽,,38 ₽,,0,"0,00",0 ₽,,,,,,0
00-00000680,,,"Гидро-пароизоляционная пленка универсальная высокой прочности D Kolotek 1,5*46,66 м (70 м2)",,,70,,1 420 ₽,,20 ₽,,0,"0,00",0 ₽,,,,,,0
00-00000679,,,"Пароизоляционная пленка B Kolotek 1,6х43,75 м (70м2)",,,70,,960 ₽,,14 ₽,,0,"0,00",0 ₽,,,,,,0
,,,,,,,,,,#DIV/0!,,0,#DIV/0!,#DIV/0!,,,,,,#DIV/0!
,Сетка Стеклотканевая,,,,,,,,,,,,,,,,,,,
00-00000229,160 гр/м2,,"Сетка стеклотканевая фасадная POLINET 5*5мм, 1*50м, 160 гр/м2",1000х50000,,50,,2 463 ₽,,49 ₽,,0,"0,00",0 ₽,,,,,,0
00-00000896,160 гр/м2,,"Сетка стеклотканевая фасадная (рядовая) FASADPRO2000, 4х5 мм, 1х50м, 2000 Н, ГОСТ Р 55225-2017, А",1000х50000,,50,,3 380 ₽,,68 ₽,,0,"0,00",0 ₽,,,,,,0
,,,,,,,,,,#DIV/0!,,0,#DIV/0!,#DIV/0!,,,,,,#DIV/0!
,Дюбеля кратно 100 шт,,,,,,,,,,,,,,,,,,,
НФ-00000209,,,Дюбель мм IZO для теплоизоляции с пластиковым гвоздём Tech-KREP 10х90,10х90,,,,6 ₽,,,,0,"0,00",0 ₽,,,,,,
НФ-00000206,,,Дюбель IZM для теплоизоляции с металлическим гвоздём Tech-KREP 10х90,10х90,,,,7 ₽,,,,0,"0,00",0 ₽,,,,,,
00-00003462,,,Дюбель IZL-T для теплоизоляции c термоголовкой Tech-KREP 10х100,10х100,,,,11 ₽,,,,0,"0,00",0 ₽,,,,,,
НФ-00000211,,,Дюбель IZO для теплоизоляции с пластиковым гвоздём Tech-KREP 10х120,10х120,,,,8 ₽,,,,0,"0,00",0 ₽,,,,,,
00-00000234,,,Дюбель IZM для теплоизоляции с металлическим гвоздём Tech-KREP 10х120,10х120,,,,9 ₽,,,,0,"0,00",0 ₽,,,,,,
00-00003021,,,Дюбель IZL-T для теплоизоляции c термоголовкой Tech-KREP 10х120,10х120,,,,12 ₽,,,,0,"0,00",0 ₽,,,,,,
00-00002420,,,Дюбель IZL-T для теплоизоляции c термоголовкой Tech-KREP 10х160,10х160,,,,14 ₽,,,,0,"0,00",0 ₽,,,,,,
,,,,,,,,,,,,0,"0,00",0 ₽,,,,,,
,Для монтажа утеплителя,,,,,,,,,,,,,,,,,,,
00-00000230,,,Клей для теплоизоляции Сухов Теплофасад 25 кг универсальный (Штукатурно-армирующий клей),,,4,,465 ₽,,,,0,"0,00",0 ₽,,,,,,0
00-00000346,,,Грунтовка глубокого проникновения 10 л СУХОВ,,,70,,,,,,0,"0,00",0 ₽,,,,,,0
00-00004190,,,"Клей-пена Технониколь Professional, 1000 мл",,,10,,600 ₽,,,,0,"0,00",0 ₽,,,,,,0
00-00000670,,,Монтажная пена Технониколь 750 мл,,,10,,650 ₽,,,,0,"0,00",0 ₽,,,,,,0
00-00003571,,,Очиститель монтажной пены SILMAC 500мл,,,10,,180 ₽,,,,0,"0,00",0 ₽,,,,,,0
НФ-00000664,,,"Пистолет для монтажной пены, пластиковый корпус",,,1,,440 ₽,,,,0,"0,00",0 ₽,,,,,,
НФ-00000665,,,"Пистолет для монтажной пены, алюминиевый корпус (в коробке)",,,1,,770 ₽,,,,0,"0,00",0 ₽,,,,,,
00-00002063,,,Пистолет для монтажной пены Fomeron Skill,,,1,,850 ₽,,,,0,"0,00",0 ₽,,,,,,0
00-00002150,,,ЦЕРЕЗИТ СТ17 PRO Грунтовка глубокого проникновения (10л),,,100,,1 250 ₽,,,,0,"0,00",0 ₽,,,,,,0
,,,,,,,,,,,,0,#DIV/0!,#DIV/0!,,,,,,#DIV/0!
,Профиль ПВХ,,,,,,,,,,,,,,,,,,,
00-00000235,,,"Профиль ПВХ 10 х 15 угловой фасадный с арм.сеткой 2,5м 1/100","100х150, 2500",,"2,5",,112 ₽,,,,0,"0,00",0 ₽,,,,,,0
НФ-00000557,,,"Профиль ПВХ 6 мм примыкающий оконный с арм.сеткой 2,4м 1/50","60, 2400",,"2,4",,193 ₽,,,,0,"0,00",0 ₽,,,,,,0
,,,,,,,,,,,,0,#DIV/0!,#DIV/0!,,,,,,#DIV/0!
,Подложка,,,,,,,,,,,,,,,,,,,
00-00004271,,,"Подложка с разметкой металлизированная ПЛР 3мм 1,2х25м Энергоизол",1200х25000,,30,,1 280 ₽,,,,0,"0,00",0 ₽,,,,,,0
,,,,,,,,,,,,,,,,,,,,#DIV/0!
,OSB Kronospan Класс L-3 водостойкая,,,,,,,,,,,,,,,кг,,,,
НФ-00000435,,9,OSB 9x1220x2440 мм (96 л/паллет),1220х2440,,"2,9768","0,0268",670 ₽,,225 ₽,,0,"0,00",0 ₽,,0,0,,,0
НФ-00000436,,12,OSB 12x1220x2440 мм (72 л/паллет),1220х2440,,"2,9768","0,0357",850 ₽,,286 ₽,,0,"0,00",0 ₽,,0,0,,,0
НФ-00000437,,15,OSB 15x1220x2440 мм (58 л/паллет),1220х2440,,"2,9768","0,0447",1 050 ₽,,353 ₽,,0,"0,00",0 ₽,,0,0,,,0
НФ-00000438,,18,OSB 18x1220x2440 мм (48 л/паллет),1220х2440,,"2,9768","0,0536",1 300 ₽,,437 ₽,,0,"0,00",0 ₽,,0,0,,,0
НФ-00000439,,22,OSB 22x1220x2440 мм (40 л/паллет),1220х2440,,"2,9768","0,0655",1 650 ₽,,554 ₽,,0,"0,00",0 ₽,,0,0,,,0
,,,,,,,,,,#DIV/0!,,0,#DIV/0!,#DIV/0!,,#DIV/0!,#DIV/0!,,,#DIV/0!
,ГКЛ,,,,,,,,,,,,,,,,,,,
00-00003694,,"9,5","Habez ГКЛ 9,5мм Обычный 2500х1200 (63 л/паллет)",1200х2500,,3,"0,0285",310 ₽,,,,0,"0,00",0 ₽,,0,0,,,0
00-00003675,,"9,5","Habez ГКЛ 9,5мм Влагостойкий 2500х1200 (63 л/паллет)",1200х2500,,3,"0,0285",345 ₽,,,,0,"0,00",0 ₽,,0,0,,,0
00-00003695,,"12,5","Habez ГКЛ 12,5мм Обычный 2500х1200 (51 л/паллет)",1200х2500,,3,"0,0375",330 ₽,,,,0,"0,00",0 ₽,,0,0,,,0
00-00003676,,"12,5","Habez ГКЛ 12,5мм Влагостойкий 2500х1200 (51 л/паллет)",1200х2500,,3,"0,0375",378 ₽,,,,0,"0,00",0 ₽,,0,0,,,0
,,,,,,,,,,,,,,,,,,,,
,Профиля и комплектующие,,,,,,,,,,,,,,,,,,,
БП-00004473,,"0,5","Профиль потолочный направляющий ППН 28х27 3м (0,5мм)",28х27х3000,,3,"0,0023",117 ₽,,,,0,"0,00",0 ₽,,0,0,,,0
БП-00004474,,"0,5","Профиль потолочный ПП 60х27 3м (0,5мм)",60х27х3000,,3,"0,0049",230 ₽,,,,0,"0,00",0 ₽,,0,0,,,0
БП-00004475,,"0,5","Профиль стеновой направляющий ПН-2 50х40 3м (0,5мм)",50х40х3000,,3,"0,006",265 ₽,,,,0,"0,00",0 ₽,,0,0,,,0
БП-00004476,,"0,5","Профиль стеновой стоечный ПС-2 50х50 3м (0,5мм)",50х50х3000,,3,"0,0075",330 ₽,,,,0,"0,00",0 ₽,,0,0,,,0
НФ-00000290,,"0,9","Подвес прямой 274мм GL (0,9мм)",,,1,,13 ₽,,,,0,"0,00",0 ₽,,0,0,,,0
,,,,,,,,,,,,0,#DIV/0!,#DIV/0!,,#DIV/0!,#DIV/0!,,,#DIV/0!
,,,,,,,,,,,,,,,,,,,,
00-00004283,,,Подкладочный ковер ANDEREP GL (15м2/рулон) (36 рул/под),,,15,,1 784 ₽,,119 ₽,,0,"0,00",0 ₽,,0,0,,,0
00-00003962,,,"Подкладочный ковер ANDEREP NEXT FIX (33м2) 1,1х30м",1100х30000,,33,,4 502 ₽,,136 ₽,,0,"0,00",0 ₽,,0,0,,,0
00-00001898,,,Подкладочный ковер ANDEREP NEXT SELF (25м2) 1х25м (Самоклеящийся),1000х25000,,25,,5 010 ₽,,200 ₽,,0,"0,00",0 ₽,,0,0,,,0
НФ-00000169,,,Подкладочный ковер ANDEREP PROF 500 (40м2) 1х40м,1000х40000,,40,,6 036 ₽,,151 ₽,,0,"0,00",0 ₽,,0,0,,,0
НФ-00000440,,,"Подкладочный ковер ТЕХНОНИКОЛЬ АЛЬФА ANDEREP (70м2) 1,5х46,67м",1500х46670,,70,,4 018 ₽,,57 ₽,,0,"0,00",0 ₽,,0,0,,,0
НФ-00000431,,,"Геотекстиль ТЕХНОНИКОЛЬ ГЕО 300 (45м2) 1,5х30м",1500х30000,,45,,3 019 ₽,,67 ₽,,0,"0,00",0 ₽,,0,0,,,0
НФ-00000430,,,"Геотекстиль ТЕХНОНИКОЛЬ ГЕО 150 (75м2) 1,5х50м",1500х30000,,75,,2 818 ₽,,38 ₽,,0,"0,00",0 ₽,,0,0,,,0
,,,,,,,,,,,,,,,,,,,,#DIV/0!
НФ-00000136,,,"Мини Рулонная черепица, черная 2,5 м2 (70 рул/поддон)",,,"2,5",,711 ₽,,284 ₽,,0,"0,00",0 ₽,,0,0,,,0
НФ-00000140,,,"Рулонная черепица ТЕХНОНИКОЛЬ, Кирпичная кладка, зеленая 8м2 (25рул/поддон)",,,8,,3 247 ₽,,406 ₽,,0,"0,00",0 ₽,,0,0,,,0
00-00002450,,,Гидроизоляция кровли ТЕХНОНИКОЛЬ 1м*8м (8м2) (25 рул/под),,,8,,2 971 ₽,,371 ₽,,0,"0,00",0 ₽,,0,0,,,0
00-00003847,,,"Гидроизоляция пола ТЕХНОНИКОЛЬ 1м*7,5м (7,5м2) (30 рул/под)",,,"7,5",,2 134 ₽,,285 ₽,,0,"0,00",0 ₽,,0,0,,,0
00-00002831,,,Гидроизоляция фундамента ТЕХНОНИКОЛЬ 1м*10м (10м2) (30 рул/под),,,10,,2 710 ₽,,271 ₽,,0,"0,00",0 ₽,,0,0,,,0
НФ-00000137,,,Отсечная гидроизоляция ТЕХНОНИКОЛЬ 200 (20м) (180 рул/поддон),,,20,,671 ₽,,34 ₽,,0,"0,00",0 ₽,,0,0,,,0
НФ-00000138,,,Отсечная гидроизоляция ТЕХНОНИКОЛЬ 400 (20м) (90 рул/поддон),,,20,,1 271 ₽,,64 ₽,,0,"0,00",0 ₽,,0,0,,,0
НФ-00000291,,,Отсечная гидроизоляция ТЕХНОНИКОЛЬ 600 (20м) (60 рул/поддон),,,20,,1 840 ₽,,92 ₽,,0,"0,00",0 ₽,,0,0,,,0
НФ-00000139,,,"Ремонтная гидроизоляция ТЕХНОНИКОЛЬ 5 в1, (15x0.8 м) (42 рул/поддон)",,,12,,2 751 ₽,,229 ₽,,0,"0,00",0 ₽,,0,0,,,0
,,,,,,,,,,,,,,,,,,,,
00-00003051,,,Штукатурка МН Старт Хабез 30кг,,,3,,320 ₽,,,,0,"0,00",0 ₽,,0,0,,,0